{
  "id": "4458491",
  "name": "虚拟电厂项目",
  "font_family": "iconfont",
  "css_prefix_text": "icon-",
  "description": "",
  "glyphs": [
    {
      "icon_id": "39546710",
      "name": "月排放",
      "font_class": "yuepaifang",
      "unicode": "e655",
      "unicode_decimal": 58965
    },
    {
      "icon_id": "39546708",
      "name": "日排放",
      "font_class": "ripaifang",
      "unicode": "e656",
      "unicode_decimal": 58966
    },
    {
      "icon_id": "39546709",
      "name": "年排放",
      "font_class": "nianpaifang",
      "unicode": "e657",
      "unicode_decimal": 58967
    },
    {
      "icon_id": "39536179",
      "name": "转换效率",
      "font_class": "zhuanhuanxiaoshuai",
      "unicode": "e64f",
      "unicode_decimal": 58959
    },
    {
      "icon_id": "39536178",
      "name": "功率",
      "font_class": "gongshuai",
      "unicode": "e650",
      "unicode_decimal": 58960
    },
    {
      "icon_id": "39536177",
      "name": "输入功率",
      "font_class": "shurugongshuai",
      "unicode": "e651",
      "unicode_decimal": 58961
    },
    {
      "icon_id": "39536176",
      "name": "输出功率",
      "font_class": "shuchugongshuai",
      "unicode": "e652",
      "unicode_decimal": 58962
    },
    {
      "icon_id": "39536175",
      "name": "电流",
      "font_class": "dianliu",
      "unicode": "e653",
      "unicode_decimal": 58963
    },
    {
      "icon_id": "39536174",
      "name": "日发电量",
      "font_class": "rifadianliang",
      "unicode": "e654",
      "unicode_decimal": 58964
    },
    {
      "icon_id": "39526021",
      "name": "关闭",
      "font_class": "guanbi1",
      "unicode": "e64e",
      "unicode_decimal": 58958
    },
    {
      "icon_id": "39521434",
      "name": "总用电量",
      "font_class": "zongyongdianliang",
      "unicode": "e648",
      "unicode_decimal": 58952
    },
    {
      "icon_id": "39521433",
      "name": "能耗监测",
      "font_class": "nenghaojiance",
      "unicode": "e649",
      "unicode_decimal": 58953
    },
    {
      "icon_id": "39521431",
      "name": "智慧能源",
      "font_class": "zhihuinengyuan",
      "unicode": "e64a",
      "unicode_decimal": 58954
    },
    {
      "icon_id": "39521432",
      "name": "指数",
      "font_class": "zhishu",
      "unicode": "e64b",
      "unicode_decimal": 58955
    },
    {
      "icon_id": "39521430",
      "name": "清洁能源",
      "font_class": "qingjienengyuan",
      "unicode": "e64c",
      "unicode_decimal": 58956
    },
    {
      "icon_id": "39521429",
      "name": "传统能源",
      "font_class": "chuantongnengyuan",
      "unicode": "e64d",
      "unicode_decimal": 58957
    },
    {
      "icon_id": "39513841",
      "name": "报表02",
      "font_class": "baobiao02",
      "unicode": "e645",
      "unicode_decimal": 58949
    },
    {
      "icon_id": "39513840",
      "name": "关闭",
      "font_class": "guanbi",
      "unicode": "e646",
      "unicode_decimal": 58950
    },
    {
      "icon_id": "39513839",
      "name": "保存",
      "font_class": "baocun",
      "unicode": "e647",
      "unicode_decimal": 58951
    },
    {
      "icon_id": "39502487",
      "name": "电量",
      "font_class": "dianliang",
      "unicode": "e644",
      "unicode_decimal": 58948
    },
    {
      "icon_id": "39502497",
      "name": "表格",
      "font_class": "biaoge",
      "unicode": "e639",
      "unicode_decimal": 58937
    },
    {
      "icon_id": "39502494",
      "name": "曲线",
      "font_class": "quxian",
      "unicode": "e63a",
      "unicode_decimal": 58938
    },
    {
      "icon_id": "39502496",
      "name": "日用电量",
      "font_class": "riyongdianliang",
      "unicode": "e63b",
      "unicode_decimal": 58939
    },
    {
      "icon_id": "39502495",
      "name": "月电费",
      "font_class": "yuedianfei",
      "unicode": "e63c",
      "unicode_decimal": 58940
    },
    {
      "icon_id": "39502492",
      "name": "日平均电费",
      "font_class": "ripingjundianfei",
      "unicode": "e63d",
      "unicode_decimal": 58941
    },
    {
      "icon_id": "39502491",
      "name": "月用电量",
      "font_class": "yueyongdianliang",
      "unicode": "e63e",
      "unicode_decimal": 58942
    },
    {
      "icon_id": "39502486",
      "name": "年用电量",
      "font_class": "nianyongdianliang",
      "unicode": "e63f",
      "unicode_decimal": 58943
    },
    {
      "icon_id": "39502493",
      "name": "至02",
      "font_class": "zhi02",
      "unicode": "e640",
      "unicode_decimal": 58944
    },
    {
      "icon_id": "39502490",
      "name": "日平均电价",
      "font_class": "ripingjundianjia",
      "unicode": "e641",
      "unicode_decimal": 58945
    },
    {
      "icon_id": "39502488",
      "name": "年电费",
      "font_class": "niandianfei",
      "unicode": "e642",
      "unicode_decimal": 58946
    },
    {
      "icon_id": "39502489",
      "name": "日电费",
      "font_class": "ridianfei",
      "unicode": "e643",
      "unicode_decimal": 58947
    },
    {
      "icon_id": "39484625",
      "name": "上一页下一页",
      "font_class": "shangyiyexiayiye",
      "unicode": "e633",
      "unicode_decimal": 58931
    },
    {
      "icon_id": "39484622",
      "name": "查询搜索",
      "font_class": "chaxunsousuo",
      "unicode": "e634",
      "unicode_decimal": 58932
    },
    {
      "icon_id": "39484621",
      "name": "选中",
      "font_class": "xuanzhong",
      "unicode": "e635",
      "unicode_decimal": 58933
    },
    {
      "icon_id": "39484611",
      "name": "至",
      "font_class": "zhi",
      "unicode": "e628",
      "unicode_decimal": 58920
    },
    {
      "icon_id": "39484609",
      "name": "用能总览",
      "font_class": "yongnengzonglan",
      "unicode": "e636",
      "unicode_decimal": 58934
    },
    {
      "icon_id": "39484610",
      "name": "重置刷新",
      "font_class": "zhongzhishuaxin",
      "unicode": "e637",
      "unicode_decimal": 58935
    },
    {
      "icon_id": "39484608",
      "name": "运行检测",
      "font_class": "yunhangjiance",
      "unicode": "e638",
      "unicode_decimal": 58936
    },
    {
      "icon_id": "39484633",
      "name": "消音",
      "font_class": "xiaoyin",
      "unicode": "e62a",
      "unicode_decimal": 58922
    },
    {
      "icon_id": "39484630",
      "name": "下拉",
      "font_class": "xiala",
      "unicode": "e62b",
      "unicode_decimal": 58923
    },
    {
      "icon_id": "39484629",
      "name": "告警管理",
      "font_class": "gaojingguanli",
      "unicode": "e629",
      "unicode_decimal": 58921
    },
    {
      "icon_id": "39484632",
      "name": "退出",
      "font_class": "tuichu",
      "unicode": "e62c",
      "unicode_decimal": 58924
    },
    {
      "icon_id": "39484631",
      "name": "下载",
      "font_class": "xiazai",
      "unicode": "e62d",
      "unicode_decimal": 58925
    },
    {
      "icon_id": "39484628",
      "name": "日历时间",
      "font_class": "rilishijian",
      "unicode": "e62e",
      "unicode_decimal": 58926
    },
    {
      "icon_id": "39484626",
      "name": "通知",
      "font_class": "tongzhi",
      "unicode": "e62f",
      "unicode_decimal": 58927
    },
    {
      "icon_id": "39484623",
      "name": "告警",
      "font_class": "gaojing",
      "unicode": "e630",
      "unicode_decimal": 58928
    },
    {
      "icon_id": "39484627",
      "name": "收齐",
      "font_class": "shouqi",
      "unicode": "e631",
      "unicode_decimal": 58929
    },
    {
      "icon_id": "39484624",
      "name": "报表管理",
      "font_class": "baobiaoguanli",
      "unicode": "e632",
      "unicode_decimal": 58930
    },
    {
      "icon_id": "39483841",
      "name": "用户",
      "font_class": "yonghu",
      "unicode": "e627",
      "unicode_decimal": 58919
    }
  ]
}
